{"chunk_definitions":[{"chunk_id":"cd3scb0ovat3t","chunk_label":"unnamed-chunk-1","document_id":"6C54F982","expansion_state":0,"options":{"engine":"r","include":false,"label":"unnamed-chunk-2"},"row":9,"row_count":1,"visible":true},{"chunk_id":"cud8pisklrf10","chunk_label":"unnamed-chunk-3","document_id":"6C54F982","expansion_state":0,"options":{"engine":"r","include":false,"label":"unnamed-chunk-3"},"row":27,"row_count":1,"visible":true},{"chunk_id":"ct1ki4uzlt8vw","chunk_label":"unnamed-chunk-4","document_id":"6C54F982","expansion_state":0,"options":{"engine":"r","include":false,"label":"unnamed-chunk-6"},"row":34,"row_count":1,"visible":true},{"chunk_id":"cb7s62y4i9xbq","chunk_label":"unnamed-chunk-9","document_id":"6C54F982","expansion_state":0,"options":{"engine":"r","include":false,"label":"unnamed-chunk-7"},"row":62,"row_count":1,"visible":true},{"chunk_id":"cjprntayy22w8","chunk_label":"unnamed-chunk-10","document_id":"6C54F982","expansion_state":0,"options":{"engine":"r","label":"unnamed-chunk-8"},"row":67,"row_count":1,"visible":true}],"doc_write_time":1486002765}